Date,Ransomware-US,Ransomware-GB,Ransomware-CA,Ransomware-AU,Ransomware-UA,Ransomware-RU,Ransomware-FR,Ransomware-DE,Ransomware-BR,Ransomware-CN,Ransomware-JP,Ransomware-PK,Ransomware-KP,Ransomware-KR,Ransomware-IN,Ransomware-TW,Ransomware-NL,Ransomware-ES,Ransomware-SE,Ransomware-MX,Ransomware-IR,Ransomware-IL,Ransomware-SA,Ransomware-SY,Ransomware-FI,Ransomware-IE,Ransomware-AT,Ransomware-NO,Ransomware-CH,Ransomware-IT,Ransomware-MY,Ransomware-EG,Ransomware-TR,Ransomware-PT,Ransomware-PS,Ransomware-AE,Ransomware-?,Ransomware-ALL,Cryptojacking-US,Cryptojacking-GB,Cryptojacking-CA,Cryptojacking-AU,Cryptojacking-UA,Cryptojacking-RU,Cryptojacking-FR,Cryptojacking-DE,Cryptojacking-BR,Cryptojacking-CN,Cryptojacking-JP,Cryptojacking-PK,Cryptojacking-KP,Cryptojacking-KR,Cryptojacking-IN,Cryptojacking-TW,Cryptojacking-NL,Cryptojacking-ES,Cryptojacking-SE,Cryptojacking-MX,Cryptojacking-IR,Cryptojacking-IL,Cryptojacking-SA,Cryptojacking-SY,Cryptojacking-FI,Cryptojacking-IE,Cryptojacking-AT,Cryptojacking-NO,Cryptojacking-CH,Cryptojacking-IT,Cryptojacking-MY,Cryptojacking-EG,Cryptojacking-TR,Cryptojacking-PT,Cryptojacking-PS,Cryptojacking-AE,Cryptojacking-?,Cryptojacking-ALL,Mentions-Ransomware,Mentions-Cryptojacking,Mentions-WannaCry Ransomware,Mentions-Data Poisoning,Mentions-Deepfake,Mentions-IoT Device Attack,Mentions-Adversarial Attack,WAR/CONFLICT ALL,CONFLICT-ALL,US_holiday,GB_holiday,CA_holiday,AU_holiday,UA_holiday,RU_holiday,FR_holiday,DE_holiday,BR_holiday,CN_holiday,JP_holiday,PK_holiday,KP_holiday,KR_holiday,IN_holiday,TW_holiday,NL_holiday,ES_holiday,SE_holiday,MX_holiday,IR_holiday,IL_holiday,SA_holiday,SY_holiday,FI_holiday,IE_holiday,AT_holiday,NO_holiday,CH_holiday,IT_holiday,MY_holiday,EG_holiday,TR_holiday,PT_holiday,PS_holiday,AE_holiday,Holidays,Political Anniversary-ALL,Internet User Percentage
Jul-11,0,0,0,0,0,0,0,0,0,0,0,0,0,0,0,0,0,0,0,0,0,0,0,0,0,0,0,0,0,0,0,0,0,0,0,0,0,0,0,0,0,0,0,0,0,0,0,0,0,0,0,0,0,0,0,0,0,0,0,0,0,0,0,0,0,0,0,0,0,0,0,0,0,0,0,0,0,0,0,0,0,0,0,2045,433,1,1,1,0,0,0,1,0,0,0,1,0,0,0,0,0,0,0,5,0,0,0,0,0,0,0,0,0,0,0,0,1,0,0,0,0,11,175,58.1
Aug-11,0,0,0,0,0,0,0,0,0,0,0,0,0,0,0,0,0,0,0,0,0,0,0,0,0,0,0,0,0,0,0,0,0,0,0,0,0,0,0,0,0,0,0,0,0,0,0,0,0,0,0,0,0,0,0,0,0,0,0,0,0,0,0,0,0,0,0,0,0,0,0,0,0,0,0,0,0,0,0,0,0,0,0,4441,412,0,2,1,0,1,0,1,0,0,0,0,0,0,1,1,0,0,1,4,0,0,0,2,0,0,1,1,0,1,1,3,2,2,1,0,2,28,178,58.7
Sep-11,0,0,0,0,0,0,0,0,0,0,0,0,0,0,0,0,0,0,0,0,0,0,0,0,0,0,0,0,0,0,0,0,0,0,0,0,0,0,0,0,0,0,0,0,0,0,0,0,0,0,0,0,0,0,0,0,0,0,0,0,0,0,0,0,0,0,0,0,0,0,0,0,0,0,0,0,0,0,0,0,0,0,1,4401,211,1,0,1,0,0,0,0,0,1,1,2,0,0,3,0,1,0,0,4,1,0,3,6,0,0,0,0,0,0,0,1,1,1,0,0,1,28,161,59.1
Oct-11,0,0,0,0,0,0,0,0,0,0,0,0,0,0,0,0,0,0,0,0,0,0,0,0,0,0,0,0,0,0,0,0,0,0,0,0,0,0,0,0,0,0,0,0,0,0,0,0,0,0,0,0,0,0,0,0,0,0,0,0,0,0,0,0,0,0,0,0,0,0,0,0,0,0,0,0,0,0,0,0,0,0,4,5136,384,1,0,1,0,0,0,0,1,1,3,1,0,0,2,2,2,0,1,5,0,0,11,0,0,0,1,1,0,0,0,1,1,1,1,0,0,37,171,59.5
Nov-11,0,0,0,0,0,0,0,0,0,0,0,0,0,0,0,0,0,0,0,0,0,0,0,0,0,0,0,0,0,0,0,0,0,0,0,0,0,0,0,0,0,0,0,0,0,0,0,0,0,0,0,0,0,0,0,0,0,0,0,0,0,0,0,0,0,0,0,0,0,0,0,0,0,0,0,0,0,0,0,0,0,0,0,18985,264,2,1,0,0,0,1,2,0,2,0,2,0,0,0,0,0,0,1,5,2,0,0,4,0,1,0,1,0,0,1,3,5,4,1,0,5,43,170,59.8
Dec-11,0,0,0,0,0,0,0,0,0,0,0,0,0,0,0,0,0,0,0,0,0,0,0,0,0,0,0,0,0,0,0,0,0,0,0,0,0,0,0,0,0,0,0,0,0,0,0,0,0,0,0,0,0,0,0,0,0,0,0,0,0,0,0,0,0,0,0,0,0,0,0,0,0,0,0,0,0,0,0,0,0,0,0,12166,182,2,3,3,3,0,1,1,2,1,0,1,0,0,1,1,0,2,3,7,2,0,8,0,0,4,3,3,2,1,3,2,0,0,3,0,2,64,172,60
Jan-12,0,0,0,0,0,0,0,0,0,0,0,0,0,0,0,0,0,0,0,0,0,0,0,0,0,0,0,0,0,0,0,0,0,0,0,0,0,0,0,0,0,0,0,0,0,0,0,0,0,0,0,0,0,0,0,0,0,0,0,0,0,0,0,0,0,0,0,0,0,0,0,0,0,0,0,0,0,0,0,0,0,0,0,9674,237,3,3,2,3,2,8,1,1,1,4,3,0,0,4,2,5,1,2,6,2,0,0,0,0,2,2,2,1,1,2,4,3,1,1,0,1,73,168,61.3
Feb-12,0,0,0,0,0,0,0,0,0,0,0,0,0,0,0,0,0,0,0,0,0,0,0,0,0,0,0,0,0,0,0,0,0,0,0,0,0,0,0,0,0,0,0,0,0,0,0,0,0,0,0,0,0,0,0,0,0,0,0,0,0,0,0,0,0,0,0,0,0,0,0,0,0,0,0,0,0,0,0,0,0,0,0,13867,306,1,0,1,0,0,1,0,0,2,0,1,0,0,0,0,1,0,0,4,2,0,0,0,0,0,0,0,0,0,0,1,1,0,0,0,1,16,157,61.5
Mar-12,0,0,0,0,0,0,0,0,0,0,0,0,0,0,0,0,0,0,0,0,0,0,0,0,0,0,0,0,0,0,0,0,0,0,0,0,0,0,0,0,0,0,0,0,0,0,0,0,0,0,0,0,0,0,0,0,0,0,0,0,0,0,0,0,0,0,0,0,0,0,0,0,0,0,0,0,0,0,0,0,0,0,0,9593,368,0,2,0,0,1,1,0,0,0,0,1,0,0,1,1,0,0,0,4,2,0,3,0,0,0,2,0,0,0,0,0,0,0,0,0,0,18,188,61.5
Apr-12,0,0,0,0,0,0,0,0,0,0,0,0,0,0,0,0,0,0,0,0,0,0,0,0,0,0,0,0,0,0,0,0,0,0,0,0,0,0,0,0,0,0,0,0,0,0,0,0,0,0,0,0,0,0,0,0,0,0,0,0,0,0,0,0,0,0,0,0,0,0,0,0,0,0,0,0,0,0,0,0,0,0,0,6335,347,0,2,2,3,1,0,1,2,3,1,2,0,0,0,0,1,4,2,7,0,0,11,0,0,3,1,1,4,3,3,0,3,1,3,0,0,64,176,61.6
May-12,0,0,0,0,0,0,0,0,0,0,0,0,0,0,0,0,0,0,0,0,0,0,0,0,0,0,0,0,0,0,0,0,0,0,0,0,0,0,0,0,0,0,0,0,0,0,0,0,0,0,0,0,0,0,0,0,0,0,0,0,0,0,0,0,0,0,0,0,0,0,0,0,0,0,0,0,0,0,0,0,0,0,0,11837,370,1,1,1,0,3,2,4,3,1,1,3,0,0,3,1,0,3,1,6,1,0,3,0,0,3,1,3,4,3,1,2,1,2,1,0,0,59,183,61.6
Jun-12,0,0,0,0,0,0,0,0,0,0,0,0,0,0,0,0,0,0,0,0,0,0,0,0,0,0,0,0,0,0,0,0,0,0,0,0,0,0,0,0,0,0,0,0,0,0,0,0,0,0,0,0,0,0,0,0,0,0,0,0,0,0,0,0,0,0,0,0,0,0,0,0,0,0,0,0,0,0,0,0,0,0,0,10429,403,0,2,0,0,2,1,0,0,1,1,0,0,0,1,0,1,0,0,7,0,0,0,0,0,2,1,1,0,0,1,1,0,0,2,0,1,25,164,61.6
Jul-12,0,0,0,0,0,0,0,0,0,0,0,0,0,0,0,0,0,0,0,0,0,0,0,0,0,0,0,0,0,0,0,0,0,0,0,0,0,0,0,0,0,0,0,0,0,0,0,0,0,0,0,0,0,0,0,0,0,0,0,0,0,0,0,0,0,0,0,0,0,0,0,0,0,0,0,0,0,0,0,0,0,0,0,8529,410,1,1,2,0,0,0,1,0,0,0,1,0,0,0,0,0,0,0,5,0,0,0,0,0,0,0,0,0,0,0,0,1,0,0,0,0,12,175,61.7
Aug-12,0,0,0,0,0,0,0,0,0,0,0,0,0,0,0,0,0,0,0,0,0,0,0,0,0,0,0,0,0,0,0,0,0,0,0,0,0,0,0,0,0,0,0,0,0,0,0,0,0,0,0,0,0,0,0,0,0,0,0,0,0,0,0,0,0,0,0,0,0,0,0,0,0,0,0,0,0,0,0,0,0,0,1,10771,372,0,2,1,0,1,0,1,0,0,0,0,0,0,1,1,0,0,1,4,0,0,0,4,0,0,1,1,0,1,1,5,3,4,1,0,3,36,178,61.7
Sep-12,0,0,0,0,0,0,0,0,0,0,0,0,0,0,0,0,0,0,0,0,0,0,0,0,0,0,0,0,0,0,0,0,0,0,0,0,0,0,0,0,0,0,0,0,0,0,0,0,0,0,0,0,0,0,0,0,0,0,0,0,0,0,0,0,0,0,0,0,0,0,0,0,0,0,0,0,0,0,0,0,0,0,2,12298,370,1,0,1,0,0,0,0,0,1,1,2,0,0,2,0,1,0,0,5,2,0,6,1,0,0,0,0,0,0,0,2,0,0,0,0,0,25,161,61.7
Oct-12,0,0,0,0,0,0,0,0,0,0,0,0,0,0,0,0,0,0,0,0,0,0,0,0,0,0,0,0,0,0,0,0,0,0,0,0,0,0,0,0,0,0,0,0,0,0,0,0,0,0,0,0,0,0,0,0,0,0,0,0,0,0,0,0,0,0,0,0,0,0,0,0,0,0,0,0,0,0,0,0,0,3,0,15032,436,1,0,1,0,0,0,0,1,1,3,1,0,0,3,1,2,0,1,4,0,0,8,6,0,0,1,1,0,0,0,1,5,4,1,0,4,50,171,61.7
Nov-12,0,0,0,0,0,0,0,0,0,0,0,0,0,0,0,0,0,0,0,0,0,0,0,0,0,0,0,0,0,0,0,0,0,0,0,0,0,0,0,0,0,0,0,0,0,0,0,0,0,0,0,0,0,0,0,0,0,0,0,0,0,0,0,0,0,0,0,0,0,0,0,0,0,0,0,0,0,0,0,0,0,0,0,18681,425,3,1,0,0,0,1,2,0,2,0,2,0,0,0,1,0,0,1,5,3,0,0,0,0,1,0,1,0,0,1,2,1,0,1,0,1,29,170,61.8
Dec-12,0,0,0,1,0,0,0,0,0,0,0,0,0,0,0,0,0,0,0,0,0,0,0,0,0,0,0,0,0,0,0,0,0,0,0,0,0,1,0,0,0,0,0,0,0,0,0,0,0,0,0,0,0,0,0,0,0,0,0,0,0,0,0,0,0,0,0,0,0,0,0,0,0,0,0,0,0,0,0,0,0,0,0,7377,375,1,2,2,2,0,1,1,2,1,0,2,0,0,1,1,0,2,3,9,2,0,8,0,0,4,2,3,2,1,3,1,0,0,3,0,2,61,172,61.9
Jan-13,0,0,0,0,0,0,0,0,0,0,0,0,0,0,0,0,0,0,0,0,0,0,0,0,0,0,0,0,0,0,0,0,0,0,0,0,0,0,0,0,0,0,0,0,0,0,0,0,0,0,0,0,0,0,0,0,0,0,0,0,0,0,0,0,0,0,0,0,0,0,0,0,0,0,0,0,0,0,0,0,0,0,0,13605,423,2,2,1,3,2,8,1,1,1,1,2,0,0,1,2,1,1,2,5,1,0,0,0,0,2,1,2,1,1,2,2,4,1,1,0,2,56,168,62.2
Feb-13,0,0,0,0,0,0,0,0,0,0,0,0,0,0,0,0,0,0,0,0,0,0,0,0,0,0,0,0,0,0,0,0,0,0,0,0,0,0,0,0,0,0,0,0,0,0,0,0,0,0,0,0,0,0,0,0,0,0,0,0,0,0,0,0,0,0,0,0,0,0,0,0,0,0,0,0,0,0,0,0,0,0,0,9011,478,1,0,1,0,0,1,0,0,2,3,1,0,0,3,0,5,0,0,4,2,0,3,0,0,0,0,0,0,0,0,3,0,0,0,0,0,29,157,62.4
Mar-13,0,0,0,0,0,0,0,0,0,0,0,0,0,0,0,0,0,0,0,0,0,0,0,0,0,0,0,0,0,0,0,0,0,0,0,0,0,0,0,0,0,0,0,0,0,0,0,0,0,0,0,0,0,0,0,0,0,0,0,0,0,0,0,0,0,0,0,0,0,0,0,0,0,0,0,0,0,0,0,0,0,0,0,20202,549,0,3,1,1,1,1,0,1,2,0,1,0,0,1,1,0,2,2,6,2,0,7,0,0,2,2,0,3,2,1,0,0,0,2,0,0,44,188,62.6
Apr-13,0,0,0,0,0,0,0,0,0,0,0,0,0,0,0,0,0,0,0,0,0,0,0,0,0,0,0,0,0,0,0,0,0,0,0,0,0,0,0,0,0,0,0,0,0,0,0,0,0,0,0,0,0,0,0,0,0,0,0,0,0,0,0,0,0,0,0,0,0,0,0,0,0,0,0,0,0,0,0,0,0,0,1,17102,494,0,1,1,2,0,0,1,1,1,1,1,0,0,0,0,1,2,0,5,0,0,5,0,0,1,1,1,1,1,2,0,1,1,1,0,0,32,176,62.8
May-13,0,0,0,0,0,0,0,0,0,0,0,0,0,0,0,0,0,0,0,0,0,0,0,0,0,0,0,0,0,0,0,0,0,0,0,0,0,0,0,0,0,0,0,0,0,0,0,0,0,0,0,0,0,0,0,0,0,0,0,0,0,0,0,0,0,0,0,0,0,0,0,0,0,0,0,0,0,0,0,0,0,0,2,13531,550,1,2,1,0,4,2,4,3,2,1,4,0,0,3,1,0,3,1,6,1,0,2,0,0,3,1,4,5,3,1,2,3,2,1,0,0,66,183,63
Jun-13,0,0,0,0,0,0,0,0,0,0,0,0,0,0,0,0,0,0,0,0,0,0,0,0,0,0,0,0,0,0,0,0,0,0,0,0,0,0,0,0,0,0,0,0,0,0,0,0,0,0,0,0,0,0,0,0,0,0,0,0,0,0,0,0,0,0,0,0,0,0,0,0,0,0,0,0,0,0,0,0,0,0,14,6429,494,0,0,0,0,2,1,0,0,0,1,0,0,0,1,0,1,0,0,8,0,0,0,0,0,2,1,0,0,0,1,1,0,0,1,0,1,21,164,63.3
Jul-13,0,0,0,0,0,0,0,0,0,0,0,0,0,0,0,0,0,0,0,0,0,0,0,0,0,0,0,0,0,0,0,0,0,0,0,0,0,0,0,0,0,0,0,0,0,0,0,0,0,0,0,0,0,0,0,0,0,0,0,0,0,0,0,0,0,0,0,0,0,0,0,0,0,0,0,0,0,0,0,0,0,0,0,14370,489,1,1,1,0,0,0,1,0,0,0,1,0,0,0,0,0,0,0,4,0,0,0,0,0,0,0,0,0,0,0,1,1,0,0,0,0,11,175,63.6
Aug-13,0,0,0,0,0,0,0,0,0,0,0,0,0,0,0,0,0,0,0,0,0,0,0,0,0,0,0,0,0,0,0,0,0,0,0,0,0,0,0,0,0,0,0,0,0,0,0,0,0,0,0,0,0,0,0,0,0,0,0,0,0,0,0,0,0,0,0,0,0,0,0,0,0,0,0,0,0,0,0,0,0,0,2,47498,510,0,2,1,0,1,0,1,0,0,0,0,0,0,1,1,0,0,1,4,0,0,0,6,0,0,1,1,0,1,1,3,3,4,1,0,3,36,178,63.9
Sep-13,0,0,0,0,0,0,0,0,0,0,0,0,0,0,0,0,0,0,0,0,0,0,0,0,0,0,0,0,0,0,0,0,0,0,0,0,0,0,0,0,0,0,0,0,0,0,0,0,0,0,0,0,0,0,0,0,0,0,0,0,0,0,0,0,0,0,0,0,0,0,0,0,0,0,0,0,0,0,0,0,0,0,0,42481,576,1,0,1,0,0,0,0,0,1,1,2,0,0,3,0,1,0,0,5,1,0,14,1,0,0,0,0,0,0,0,1,0,0,0,0,0,32,161,64.2
Oct-13,0,0,0,0,0,0,0,0,0,0,0,0,0,0,0,0,0,0,0,0,0,0,0,0,0,0,0,0,0,0,0,0,0,0,0,0,0,0,0,0,0,0,0,0,0,0,0,0,0,0,0,0,0,0,0,0,0,0,0,0,0,0,0,0,0,0,0,0,0,0,0,0,0,0,0,0,0,0,0,0,0,0,1,9126,517,1,0,1,0,0,0,0,1,1,3,1,0,0,2,1,2,0,1,4,0,0,0,4,0,0,1,1,0,0,0,1,5,5,0,0,4,39,171,64.5
Nov-13,0,0,0,0,0,0,0,0,0,0,0,0,0,0,0,0,0,0,0,0,0,0,0,0,0,0,0,0,0,0,0,0,0,0,0,0,0,0,0,0,0,0,0,0,0,0,0,0,0,0,0,0,0,0,0,0,0,0,0,0,0,0,0,0,0,0,0,0,0,0,0,0,0,0,0,0,0,0,0,0,0,0,0,7663,595,2,1,0,0,0,1,2,0,2,0,3,0,0,0,1,0,0,1,5,2,0,3,0,0,1,0,1,0,0,1,2,1,0,0,0,1,30,170,64.9
Dec-13,0,0,0,0,0,0,0,0,0,0,0,0,0,0,0,0,0,0,0,0,0,0,0,0,0,0,0,0,0,0,0,0,0,0,0,0,0,0,0,0,0,0,0,0,0,0,0,0,0,0,0,0,0,0,0,0,0,0,0,0,0,0,0,0,0,0,0,0,0,0,0,0,0,0,0,0,0,0,0,0,0,0,0,4702,517,1,2,2,2,0,1,1,2,1,0,1,0,0,1,1,0,2,3,9,1,0,5,0,0,4,2,3,2,1,3,1,0,0,2,0,2,55,172,65.3
Jan-14,0,0,0,0,0,0,0,0,0,0,0,0,0,0,0,0,0,0,0,0,0,0,0,0,0,0,0,0,0,0,0,0,0,0,0,0,0,0,0,0,0,0,0,0,0,0,0,0,0,0,0,0,0,0,0,0,0,0,0,0,0,0,0,0,0,0,0,0,0,0,0,0,0,0,0,0,14,0,0,0,0,0,4,7004,660,2,2,1,3,2,8,1,1,1,2,2,0,0,3,2,3,1,2,6,1,0,0,0,0,2,1,2,1,1,2,3,4,1,1,0,2,63,168,65.9
Feb-14,0,0,0,0,0,0,0,0,0,0,0,0,0,0,0,0,0,0,0,0,0,0,0,0,0,0,0,0,0,0,0,0,0,0,0,0,0,0,0,0,0,0,0,0,0,0,0,0,0,0,0,0,0,0,0,0,0,0,0,0,0,0,0,0,0,0,0,0,0,0,0,0,0,0,0,0,0,0,0,0,0,0,1,9075,614,1,0,1,0,0,1,0,0,0,2,1,0,0,1,0,3,0,0,4,2,0,0,0,0,0,0,0,0,0,0,1,0,0,0,0,0,17,157,66.3
Mar-14,0,0,0,0,0,0,0,0,0,0,0,0,0,0,0,0,0,0,0,0,0,0,0,0,0,0,0,0,0,0,0,0,0,0,0,0,0,0,0,0,0,0,0,0,0,0,0,0,0,0,0,0,0,0,0,0,0,0,0,0,0,0,0,0,0,0,0,0,0,0,0,0,0,0,0,0,6,0,0,0,0,0,0,32149,706,0,1,0,0,1,1,0,0,2,0,1,0,0,1,1,0,0,0,5,2,0,3,0,0,0,1,0,0,0,0,0,0,0,0,0,0,19,188,66.6
Apr-14,0,0,0,0,0,0,0,0,0,0,0,0,0,0,0,0,0,0,0,0,0,0,0,0,0,0,0,0,0,0,0,0,0,0,0,0,0,0,0,0,0,0,0,0,0,0,0,0,0,0,0,0,0,0,0,0,0,0,0,0,0,0,0,0,0,0,0,0,0,0,0,0,0,0,0,0,0,0,0,0,0,0,0,19292,662,0,2,2,3,1,0,1,2,3,1,1,0,0,0,0,1,4,2,6,0,0,8,0,0,3,1,1,4,3,3,0,3,1,3,0,0,59,176,66.9
May-14,0,0,0,0,0,0,0,0,0,0,0,0,0,0,0,0,0,0,0,0,0,0,0,0,0,0,0,0,0,0,0,0,0,0,0,0,0,0,0,0,0,0,0,0,0,0,0,0,0,0,0,0,0,0,0,0,0,0,0,0,0,0,0,0,0,0,0,0,0,0,0,0,0,0,0,0,0,0,0,0,0,0,0,14883,771,1,2,1,0,3,2,3,2,1,1,4,0,0,3,1,0,1,1,6,1,0,4,0,0,2,1,2,3,1,1,2,1,2,1,0,1,54,183,67.3
Jun-14,0,0,0,0,0,0,0,0,0,0,0,0,0,0,0,0,0,0,0,0,0,0,0,0,0,0,0,0,0,0,0,0,0,0,0,0,0,0,0,0,0,0,0,0,0,0,0,0,0,0,0,0,0,0,0,0,0,0,0,0,0,0,0,0,0,0,0,0,0,0,0,0,0,0,0,0,0,0,0,0,0,0,1,15619,761,0,0,0,0,2,1,1,1,1,1,0,0,0,1,0,1,2,0,8,0,0,2,0,0,3,1,2,2,2,1,1,1,0,1,0,0,35,164,67.6
Jul-14,0,0,0,0,0,0,0,0,0,0,0,0,0,0,0,0,0,0,0,0,0,0,0,0,0,0,0,0,0,0,0,0,0,0,0,0,0,0,0,0,0,0,0,0,0,0,0,0,0,0,0,0,0,0,0,0,0,0,0,0,0,0,0,0,0,0,0,0,0,0,0,0,0,0,0,0,0,0,0,0,0,0,0,37042,790,1,1,1,0,0,0,1,0,0,0,1,0,0,0,0,0,0,0,4,0,0,0,4,0,0,0,0,0,0,0,3,4,3,0,0,3,26,175,67.9
Aug-14,0,0,0,0,0,0,0,0,0,0,0,0,0,0,0,0,0,0,0,0,0,0,0,0,0,0,0,0,0,0,0,0,0,0,0,0,0,0,0,0,0,0,0,0,0,0,0,0,0,0,0,0,0,0,0,0,0,0,0,0,0,0,0,0,0,0,0,0,0,0,0,0,0,0,0,0,0,0,0,0,0,0,1,34132,841,0,2,1,0,1,0,1,0,0,0,0,0,0,1,1,0,0,1,5,0,0,0,0,0,0,1,1,0,1,1,1,0,1,1,0,0,20,178,68.1
Sep-14,0,0,0,0,0,0,0,0,0,0,0,0,0,0,0,0,0,0,0,0,0,0,0,0,0,0,0,0,0,0,0,0,0,0,0,0,0,0,0,0,0,0,0,0,0,0,0,0,0,0,0,0,0,0,0,0,0,0,0,0,0,0,0,0,0,0,0,0,0,0,0,0,0,0,0,0,0,0,0,0,0,0,1,21684,828,1,0,1,0,0,0,0,0,1,1,2,0,0,4,0,1,0,0,4,1,0,3,1,0,0,0,0,0,0,0,2,0,0,0,0,0,22,161,68.4
Oct-14,0,0,0,1,0,0,0,0,0,0,0,0,0,0,0,0,0,0,0,0,0,0,0,0,0,0,0,0,0,0,0,0,0,0,0,0,0,1,0,0,0,0,0,0,0,0,0,0,0,0,0,0,0,0,0,0,0,0,0,0,0,0,0,0,0,0,0,0,0,0,0,0,0,0,0,0,0,0,0,0,0,0,0,19332,831,1,0,1,0,0,0,0,1,1,3,1,0,0,2,2,2,0,1,4,0,0,11,6,0,0,1,1,0,0,0,4,5,5,0,0,5,57,171,68.6
Nov-14,0,0,0,0,0,0,0,0,0,0,0,0,0,0,0,0,0,0,0,0,0,0,0,0,0,0,0,0,0,0,0,0,0,0,0,0,0,0,0,0,0,0,0,0,0,0,0,0,0,0,0,0,0,0,0,0,0,0,0,0,0,0,0,0,0,0,0,0,0,0,0,0,0,0,0,0,0,0,0,0,0,0,0,16307,886,2,1,0,0,0,1,2,0,2,0,3,0,0,0,0,0,0,1,6,2,0,0,0,0,1,0,1,0,0,1,0,0,0,0,0,0,23,170,68.8
Dec-14,0,0,0,0,0,0,0,0,0,0,0,0,0,0,0,0,0,0,0,0,0,0,0,0,0,0,0,0,0,0,0,0,0,0,0,0,0,0,0,0,0,0,0,0,0,0,0,0,0,0,0,0,0,0,0,0,0,0,0,0,0,0,0,0,0,0,0,0,0,0,0,0,0,0,0,0,0,0,0,0,0,3,0,23057,769,1,2,2,2,0,1,1,2,1,0,1,0,0,1,1,0,2,3,8,1,0,8,0,0,4,2,3,2,1,3,1,0,0,2,0,2,57,172,69
Jan-15,0,0,0,0,0,0,0,0,0,0,0,0,0,0,0,0,0,0,0,0,0,0,0,0,0,0,0,0,0,0,0,0,0,0,0,0,0,0,0,0,0,0,0,0,0,0,0,0,0,0,0,0,0,0,0,0,0,0,0,0,0,0,0,0,0,0,0,0,0,0,0,0,0,0,0,0,2,0,0,0,0,4,1,19044,959,2,2,1,2,2,8,1,1,1,1,2,0,0,1,2,1,1,2,6,1,0,0,0,0,2,1,2,1,1,2,2,4,1,1,0,2,56,168,68.9
Feb-15,0,0,0,0,0,0,0,0,0,0,0,0,0,0,0,0,0,0,0,0,0,0,0,0,0,0,0,0,0,0,0,0,0,0,0,0,0,0,0,0,0,0,0,0,0,0,0,0,0,0,0,0,0,0,0,0,0,0,0,0,0,0,0,0,0,0,0,0,0,0,0,0,0,0,0,0,0,0,0,0,0,0,1,16838,858,1,0,1,0,0,1,0,0,2,3,1,0,0,3,0,5,0,0,4,2,0,0,0,0,0,0,0,0,0,0,2,0,0,0,0,0,25,157,69
Mar-15,0,0,0,0,0,0,0,0,0,0,0,0,0,0,0,0,0,0,0,0,0,0,0,0,0,0,0,0,0,0,0,0,0,0,0,0,0,0,0,0,0,0,0,0,0,0,0,0,0,0,0,0,0,0,0,0,0,0,0,0,0,0,0,0,0,0,0,0,0,0,0,0,0,0,0,0,13,0,0,0,0,4,0,24573,893,0,1,0,0,1,1,0,0,0,0,1,0,0,1,1,0,0,0,5,2,0,3,0,0,0,1,0,0,0,0,0,0,0,0,0,0,17,188,69.2
Apr-15,0,0,0,0,0,0,0,0,0,0,0,0,0,0,0,0,0,0,0,0,0,0,0,0,0,0,0,0,0,0,0,0,0,0,0,0,0,0,0,0,0,0,0,0,0,0,0,0,0,0,0,0,0,0,0,0,0,0,0,0,0,0,0,0,0,0,0,0,0,0,0,0,0,0,0,0,2,0,0,0,0,0,0,17558,950,0,2,2,3,1,0,1,2,3,1,1,0,0,0,0,1,4,2,6,0,0,11,0,0,3,1,1,4,3,3,0,3,1,3,0,0,62,176,69.3
May-15,0,0,0,0,0,0,0,0,0,0,0,0,0,0,0,0,0,0,0,0,0,0,0,0,0,0,0,0,0,0,0,0,0,0,0,0,0,0,0,0,0,0,0,0,0,0,0,0,0,0,0,0,0,0,0,0,0,0,0,0,0,0,0,0,0,0,0,0,0,0,0,0,0,0,0,0,0,0,0,0,0,0,0,17346,991,1,2,1,0,4,2,4,3,1,1,4,0,0,3,1,0,4,1,7,1,0,3,0,0,3,1,3,5,3,1,1,1,2,1,0,1,65,183,69.5
Jun-15,0,0,0,0,0,0,0,0,0,0,0,0,0,0,0,0,0,0,0,0,0,0,0,0,0,0,0,0,0,0,0,0,0,0,0,0,0,0,0,0,0,0,0,0,0,0,0,0,0,0,0,0,0,0,0,0,0,0,0,0,0,0,0,0,0,0,0,0,0,0,0,0,0,0,0,0,2,0,0,0,0,0,1,19338,972,0,0,0,0,1,1,0,0,1,1,0,0,0,1,0,1,0,0,7,0,0,0,0,0,2,1,1,0,0,1,2,1,0,1,0,0,22,164,69.6
Jul-15,0,0,0,0,0,0,0,0,0,0,0,0,0,0,0,0,0,0,0,0,0,0,0,0,0,0,0,0,0,0,0,0,0,0,0,0,0,0,0,0,0,0,0,0,0,0,0,0,0,0,0,0,0,0,0,0,0,0,0,0,0,0,0,0,0,0,0,0,0,0,0,0,0,0,0,0,0,0,0,0,0,4,2,26652,1034,2,1,1,0,0,0,1,0,0,0,1,0,0,0,0,0,0,0,4,0,0,0,6,0,0,0,0,0,0,0,3,4,3,0,0,3,29,175,69.8
Aug-15,0,0,0,0,0,0,0,0,0,0,0,0,0,0,0,0,0,0,0,0,0,0,0,0,0,0,0,0,0,0,0,0,0,0,0,0,0,0,0,0,0,0,0,0,0,0,0,0,0,0,0,0,0,0,0,0,0,0,0,0,0,0,0,0,0,0,0,0,0,0,0,0,0,0,0,0,0,0,0,0,0,5,2,30487,1016,0,2,1,0,1,0,1,0,0,0,0,0,0,1,1,0,0,1,5,0,0,0,0,0,0,1,1,0,1,1,1,0,1,1,0,0,20,178,69.9
Sep-15,0,0,0,0,0,0,0,0,0,0,0,0,0,0,0,0,0,0,0,0,0,0,0,0,0,0,0,0,0,0,0,0,0,0,0,0,0,0,0,0,0,0,0,0,0,0,0,0,0,0,0,0,0,0,0,0,0,0,0,0,0,0,0,0,0,0,0,0,0,0,0,0,0,0,0,0,3,0,0,0,0,1,1,38795,1036,1,0,1,0,0,0,0,0,1,1,3,0,0,4,0,1,0,0,4,1,0,9,5,0,0,0,0,0,0,0,2,4,4,0,0,4,45,161,70
Oct-15,0,0,0,0,0,0,0,0,0,0,0,0,0,0,0,0,0,1,0,0,0,0,0,0,0,0,0,0,0,0,0,0,0,0,0,0,0,1,0,0,0,0,0,0,0,0,0,0,0,0,0,0,0,0,0,0,0,0,0,0,0,0,0,0,0,0,0,0,0,0,0,0,0,0,0,0,12,0,0,0,0,4,3,27659,1094,1,0,1,0,1,0,0,1,1,3,1,0,0,2,1,2,0,1,5,0,0,5,0,0,1,1,1,0,0,0,1,2,1,0,0,1,33,171,70.2
Nov-15,0,0,0,0,0,0,0,0,0,0,0,0,0,0,0,0,0,0,0,0,0,0,0,0,0,0,0,0,0,0,0,0,0,0,0,0,0,0,0,0,0,0,0,0,0,0,0,0,0,0,0,0,0,0,0,0,0,0,0,0,0,0,0,0,0,0,0,0,0,0,0,0,0,0,0,0,4,0,0,0,0,9,0,28713,1058,2,1,0,0,0,1,2,0,2,0,2,0,0,0,1,0,0,1,5,2,0,0,0,0,0,0,1,0,0,1,1,0,0,0,0,1,23,170,70.4
Dec-15,0,1,0,0,0,0,0,0,0,0,0,0,0,0,0,0,0,0,0,0,0,0,0,0,0,0,0,0,0,0,0,0,0,0,0,0,0,1,0,0,0,0,0,0,0,0,0,0,0,0,0,0,0,0,0,0,0,0,0,0,0,0,0,0,0,0,0,0,0,0,0,0,0,0,0,0,0,0,0,0,0,0,1,17715,954,1,3,2,3,0,1,1,2,1,0,1,0,0,1,1,0,2,3,8,1,0,8,0,0,4,3,3,2,1,3,2,1,0,2,0,3,63,172,70.5
Jan-16,0,0,0,0,0,0,0,0,0,0,0,0,0,0,0,0,0,0,0,0,0,0,0,0,0,0,0,0,0,0,0,0,0,0,0,0,0,0,0,0,0,0,0,0,0,0,0,0,0,0,0,0,0,0,0,0,0,0,0,0,0,0,0,0,0,0,0,0,0,0,0,0,0,0,0,0,20,0,0,0,0,56,0,28030,1181,2,3,1,2,2,8,1,1,1,1,2,0,0,1,2,1,1,2,7,1,0,0,0,0,2,1,2,1,1,2,1,3,1,1,0,1,55,168,71
Feb-16,1,2,1,1,1,1,1,1,1,1,1,1,1,1,1,1,1,1,1,1,1,1,1,1,1,1,1,1,1,1,1,1,1,1,1,1,1,38,0,0,0,0,0,0,0,0,0,0,0,0,0,0,0,0,0,0,0,0,0,0,0,0,0,0,0,0,0,0,0,0,0,0,0,0,0,0,0,0,0,0,0,6,0,52200,1174,1,0,1,0,0,1,0,0,2,3,1,0,0,4,0,5,0,0,4,2,0,0,0,0,0,0,0,0,0,0,2,0,0,0,0,0,26,157,71.1
Mar-16,1,0,0,0,0,0,0,0,0,0,0,0,0,0,0,0,0,0,0,0,0,0,0,0,0,0,0,0,0,0,0,0,0,0,0,0,0,1,0,0,0,0,0,0,0,0,0,0,0,0,0,0,0,0,0,0,0,0,0,0,0,0,0,0,0,0,0,0,0,0,0,0,0,0,0,0,4,0,0,0,0,2,4,23663,1320,0,3,2,2,1,1,1,2,2,0,2,0,0,1,1,0,3,2,6,1,0,3,0,0,3,2,1,4,3,2,0,0,0,2,0,0,50,188,71.3
Apr-16,2,0,0,0,0,0,0,0,0,0,0,0,0,0,0,0,0,0,0,0,0,0,0,0,0,0,0,0,0,0,0,0,0,0,0,0,0,2,0,0,0,0,0,0,0,0,0,0,0,0,0,0,0,0,0,0,0,0,0,0,0,0,0,0,0,0,0,0,0,0,0,0,0,0,0,0,8,0,0,0,0,1,1,17151,1402,0,0,0,1,0,0,0,0,1,1,1,0,0,0,0,1,1,0,4,0,0,8,0,0,0,0,0,0,0,1,0,1,1,1,0,0,22,176,71.5
May-16,0,0,0,0,0,0,0,0,0,0,0,0,0,0,0,0,0,0,0,0,0,0,0,0,0,0,0,0,0,0,0,0,0,0,0,0,0,0,0,0,0,0,0,0,0,0,0,0,0,0,0,0,0,0,0,0,0,0,0,0,0,0,0,0,0,0,0,0,0,0,0,0,0,0,0,0,2,0,0,0,0,20,2,21113,1432,1,2,1,0,3,2,4,3,2,1,3,0,0,3,1,0,3,1,6,2,0,4,0,0,3,1,4,5,3,1,2,2,2,2,0,1,68,183,71.7
Jun-16,0,0,0,0,0,0,0,0,0,0,0,0,0,0,0,0,0,0,0,0,0,0,0,0,0,0,0,0,0,0,0,0,0,0,0,0,0,0,0,0,0,0,0,0,0,0,0,0,0,0,0,0,0,0,0,0,0,0,0,0,0,0,0,0,0,0,0,0,0,0,0,0,0,0,0,0,20,0,0,0,0,8,1,14459,1465,0,0,0,0,2,1,0,0,0,1,0,0,0,1,0,1,0,0,7,0,0,2,0,0,2,1,0,0,0,1,2,1,0,1,0,0,23,164,72
Jul-16,1,1,1,1,1,1,1,1,1,1,1,1,1,1,1,1,1,1,1,1,1,1,1,1,1,1,1,1,1,1,1,1,1,1,1,1,1,37,0,0,0,0,0,0,0,0,0,0,0,0,0,0,0,0,0,0,0,0,0,0,0,0,0,0,0,0,0,0,0,0,0,0,0,0,0,0,2,0,0,0,0,47,5,35126,1398,1,1,1,0,0,0,1,0,0,0,1,0,0,0,0,0,0,0,5,0,0,0,5,0,0,0,0,0,0,0,2,4,3,0,0,3,27,175,72.2
Aug-16,2,1,1,1,1,1,1,1,1,1,1,1,1,1,1,1,1,1,1,1,1,1,1,1,1,1,1,1,1,1,1,1,1,1,1,1,1,38,0,0,0,0,0,0,0,0,0,0,0,0,0,0,0,0,0,0,0,0,0,0,0,0,0,0,0,0,0,0,0,0,0,0,0,0,0,0,14,0,0,0,0,2,2,31770,2300,0,2,1,0,1,0,1,0,0,0,1,0,0,1,1,0,0,1,4,0,0,0,0,0,0,1,1,0,1,1,1,0,1,1,0,0,20,178,72.4
Sep-16,0,0,0,0,0,0,0,0,0,0,0,0,0,0,0,0,0,0,0,0,0,0,0,0,0,0,0,0,0,0,0,0,0,0,0,0,0,0,0,0,0,0,0,0,0,0,0,0,0,0,0,0,0,0,0,0,0,0,0,0,0,0,0,0,0,0,0,0,0,0,0,0,0,0,0,0,26,0,0,0,0,4,4,33960,2391,1,0,1,0,0,0,0,0,1,1,2,0,0,3,0,1,0,0,4,1,0,0,7,0,0,0,0,0,0,0,2,4,4,0,0,4,36,161,72.6
Oct-16,0,0,0,0,0,0,0,0,0,0,0,0,0,0,0,0,0,0,0,0,0,0,0,0,0,0,0,0,0,0,0,0,0,0,0,0,0,0,0,0,0,0,0,0,0,0,0,0,0,0,0,0,0,0,0,0,0,0,0,0,0,0,0,0,0,0,0,0,0,0,0,0,0,0,0,0,37,0,0,0,0,4,4,37544,2367,1,0,1,0,1,0,0,1,1,3,1,0,0,2,2,2,0,1,5,0,0,14,0,0,0,1,1,0,0,0,2,2,1,1,0,1,44,171,72.8
Nov-16,0,0,1,0,0,0,0,0,0,0,0,0,0,0,0,0,0,0,0,0,0,0,0,0,0,0,0,0,0,0,0,0,0,0,0,0,0,1,0,0,0,0,0,0,0,0,0,0,0,0,0,0,0,0,0,0,0,0,0,0,0,0,0,0,0,0,0,0,0,0,0,0,0,0,0,0,40,0,0,0,0,10,5,18997,2284,2,1,0,0,0,1,2,0,2,0,2,0,0,0,0,0,0,1,5,2,0,0,0,0,1,0,1,0,0,1,0,0,0,1,0,1,23,170,73.1
Dec-16,0,0,0,0,0,0,0,0,0,0,0,0,0,0,0,0,0,0,0,0,0,0,0,0,0,0,0,0,0,0,0,0,0,0,0,0,0,0,0,0,0,0,0,0,0,0,0,0,0,0,0,0,0,0,0,0,0,0,0,0,0,0,0,0,0,0,0,0,0,0,0,0,0,0,0,0,54,0,0,0,0,22,3,21105,1910,2,3,3,3,0,1,1,2,1,0,1,0,0,1,1,0,2,3,7,2,0,7,0,0,4,3,3,2,1,3,4,1,0,3,0,3,67,172,73.3
Jan-17,9,1,0,0,0,0,0,0,0,0,0,0,0,0,1,0,0,0,0,0,0,0,0,0,0,0,0,0,0,0,0,0,0,0,0,0,0,11,0,0,0,0,0,0,0,0,0,0,0,0,0,0,0,0,0,0,0,0,0,0,0,0,0,0,0,0,0,0,0,0,0,0,0,0,0,0,34,0,3,0,0,29,3,58698,5629,3,3,2,3,2,8,1,1,1,4,3,0,0,5,2,5,1,2,6,2,0,1,0,0,2,2,2,1,1,2,5,3,1,1,0,1,76,168,73.5
Feb-17,4,1,0,0,0,0,0,0,0,0,0,0,0,0,0,0,0,0,0,0,0,0,0,0,0,0,0,0,0,0,0,0,0,0,0,0,0,5,0,0,0,0,0,0,0,0,0,0,0,0,0,0,0,0,0,0,0,0,0,0,0,0,0,0,0,0,0,0,0,0,0,0,0,0,0,0,7,0,0,0,0,30,4,25096,5121,1,0,1,0,0,1,0,0,1,0,1,0,0,0,0,1,0,0,4,2,0,0,0,0,0,0,0,0,0,0,0,0,0,0,0,0,12,157,73.7
Mar-17,3,1,1,1,1,1,1,1,1,1,1,1,1,1,1,1,2,1,1,1,1,1,2,2,1,1,1,1,1,1,1,2,2,1,2,2,1,46,0,0,0,0,0,0,0,0,0,0,0,0,0,0,0,0,0,0,0,0,0,0,0,0,0,0,0,0,0,0,0,0,0,0,0,0,0,0,24,0,0,0,0,38,0,27423,5040,0,1,0,0,1,1,0,0,1,0,1,0,0,1,1,0,0,0,4,2,0,3,0,0,0,1,0,0,0,0,0,0,0,0,0,0,17,188,73.9
Apr-17,5,0,0,0,0,0,0,0,0,0,0,0,0,0,0,0,0,0,0,0,0,0,0,0,0,0,0,0,0,0,0,0,0,0,0,0,0,5,0,0,0,0,0,0,0,0,0,0,0,0,0,0,0,0,0,0,0,0,0,0,0,0,0,0,0,0,0,0,0,0,0,0,0,0,0,0,58,0,0,0,0,13,1,141742,5422,0,2,2,3,1,0,1,2,3,1,1,0,0,0,0,1,4,2,7,0,0,9,0,0,3,1,1,4,3,3,0,3,1,3,0,1,62,176,74.1
May-17,2,2,2,2,2,2,2,2,2,2,2,2,2,2,2,2,2,2,2,2,2,2,2,2,2,2,2,2,2,2,2,2,2,2,2,2,2,74,0,0,0,0,0,0,0,0,0,0,0,0,0,0,0,0,0,0,0,0,0,0,0,0,0,0,0,0,0,0,0,0,0,0,0,0,0,0,12,0,3,0,0,30,0,23674,4538,1,2,1,0,3,2,3,2,1,2,3,0,0,3,1,1,1,1,6,1,0,5,0,0,2,1,2,3,1,1,2,1,2,1,0,0,55,183,74.3
Jun-17,5,4,2,2,4,2,2,2,2,3,2,2,2,3,2,2,2,2,2,2,2,2,2,2,2,2,2,2,2,2,2,2,2,2,2,2,2,83,0,0,0,0,0,0,0,0,0,0,0,0,0,0,0,0,0,0,0,0,0,0,0,0,0,0,0,0,0,0,0,0,0,0,0,0,0,0,78,0,6,0,0,38,6,21685,4584,0,0,0,0,2,1,1,1,1,0,0,0,0,1,0,0,2,0,7,0,0,0,4,0,3,1,2,2,2,1,5,4,3,2,0,3,48,164,74.5
Jul-17,6,1,2,1,1,1,1,1,1,1,1,1,1,1,1,1,1,1,1,1,1,1,1,1,1,1,1,1,1,1,1,1,1,1,1,1,1,43,0,0,0,0,0,0,0,0,0,0,0,0,0,0,0,0,0,0,0,0,0,0,0,0,0,0,0,0,0,0,0,0,0,0,0,0,0,0,124,0,4,0,0,83,4,27598,4671,1,1,2,0,0,0,1,0,0,0,1,0,0,0,0,0,0,0,5,0,0,0,0,0,0,0,0,0,0,0,0,1,1,0,0,0,13,175,74.7
Aug-17,7,4,2,2,2,2,2,3,2,3,2,2,2,3,2,2,2,2,2,2,2,2,2,2,2,2,2,2,2,2,2,2,2,2,2,2,2,84,0,0,0,0,0,0,0,0,0,0,0,0,0,0,0,0,0,0,0,0,0,0,0,0,0,0,0,0,0,0,0,0,0,0,0,0,0,0,28,0,1,0,0,23,6,83066,4605,0,2,1,0,1,0,1,0,0,0,1,0,0,1,1,0,0,1,4,0,0,0,1,0,0,1,1,0,1,1,1,1,1,1,0,1,23,178,74.9
Sep-17,3,2,2,2,2,2,2,2,2,2,2,2,2,2,2,2,2,2,2,2,2,2,2,2,2,2,2,2,2,2,2,2,2,2,2,2,2,75,0,0,0,0,0,0,0,0,0,0,0,0,0,0,0,0,0,0,0,0,0,0,0,0,0,0,0,0,0,0,0,0,0,0,0,0,0,0,68,0,5,0,0,46,2,39064,4774,1,0,1,0,0,0,0,0,1,0,2,0,0,0,0,0,0,0,4,2,0,5,7,0,0,0,0,0,0,0,3,4,4,0,0,4,38,161,75
Oct-17,2,1,1,1,2,1,1,1,1,1,2,1,1,1,1,1,1,1,1,1,2,1,1,1,1,1,1,1,1,1,1,1,1,1,1,1,1,41,0,0,0,0,0,0,0,0,0,0,0,0,0,0,0,0,0,0,0,0,0,0,0,0,0,0,0,0,0,0,0,0,0,0,0,0,0,0,151,0,28,0,0,80,2,31144,4516,1,0,1,0,1,0,0,2,1,4,1,0,0,4,2,3,0,1,5,0,0,9,0,0,0,1,1,0,0,0,1,1,1,1,0,0,41,171,75.2
Nov-17,7,3,3,3,3,3,3,4,3,3,3,3,3,3,3,3,3,3,3,3,3,3,3,3,3,3,3,3,3,3,3,3,3,3,3,3,3,116,1,0,0,0,0,0,0,0,0,0,0,0,0,0,0,0,0,0,0,0,0,0,0,0,0,0,0,0,0,0,0,0,0,0,0,0,0,1,67,0,12,11,0,85,12,58817,4469,3,1,0,0,0,1,2,0,2,0,2,0,0,0,0,0,0,1,5,1,0,0,0,0,1,0,1,0,0,1,0,1,0,1,0,1,24,170,75.4
Dec-17,11,2,2,2,2,2,2,2,2,2,2,2,2,2,2,2,2,2,2,2,2,2,2,2,2,2,2,2,2,2,2,2,2,2,2,2,2,83,0,0,0,0,0,0,0,0,0,0,0,0,0,0,0,0,0,0,0,0,0,0,0,0,0,0,0,0,0,0,0,0,0,0,0,0,0,0,163,0,15,0,0,107,9,56394,4468,1,2,2,2,1,1,1,2,1,0,1,0,0,1,1,0,2,3,7,1,0,8,0,0,4,2,3,2,1,3,2,0,0,3,0,2,59,172,75.5
Jan-18,9,3,4,3,3,4,3,3,3,3,3,3,3,3,3,3,3,3,3,3,3,3,3,3,3,3,3,3,3,3,3,3,3,3,3,3,3,119,0,0,0,0,0,0,0,0,0,0,0,0,0,0,0,0,0,0,0,0,0,0,0,0,0,0,0,0,0,0,0,0,0,0,0,0,0,0,54,0,9,2,0,46,10,79486,10097,2,2,1,2,2,8,1,1,1,1,2,0,0,1,2,1,1,2,6,1,0,0,0,0,2,1,2,1,1,2,1,3,1,1,0,1,53,168,75.7
Feb-18,10,3,4,3,3,3,3,3,3,3,3,3,3,3,3,3,3,3,3,3,3,3,3,3,3,3,3,3,3,3,3,3,3,3,3,3,3,119,2,1,1,1,1,1,1,1,1,1,1,1,1,1,1,1,1,1,1,1,1,1,1,1,1,1,1,1,1,1,1,1,1,1,1,1,1,38,141,0,6,0,0,83,22,85909,9709,1,0,1,0,0,1,0,0,2,3,2,0,0,3,0,5,0,0,4,1,0,1,0,0,0,0,0,0,0,0,2,0,0,0,0,0,26,157,75.9
Mar-18,6,0,0,0,0,0,0,0,0,0,0,0,0,0,1,0,0,0,0,0,0,0,0,0,0,0,0,0,0,0,0,0,0,0,0,0,0,7,1,1,1,1,1,1,1,1,1,1,1,1,1,1,1,1,1,1,1,1,1,1,1,1,1,1,1,1,1,1,1,1,1,1,1,1,1,37,169,0,38,0,0,94,4,115378,9765,0,3,1,1,1,1,0,1,1,0,1,0,0,1,1,0,1,2,5,2,0,4,0,0,1,2,0,2,1,0,0,0,0,1,0,0,33,188,76
Apr-18,6,3,4,3,4,3,3,3,4,3,3,4,3,3,3,3,3,3,3,3,3,3,3,3,3,3,3,3,3,3,3,3,3,3,3,3,3,118,1,1,1,1,1,1,1,1,1,1,1,1,1,1,1,1,1,1,1,1,1,1,1,1,1,1,1,1,1,1,1,1,1,1,1,1,1,37,43,2,9,5,0,32,3,315095,10382,0,1,1,2,1,0,1,1,2,1,2,0,0,0,0,1,3,0,6,0,0,9,0,0,2,1,1,2,2,3,0,3,1,2,0,1,49,176,76.2
May-18,5,0,0,1,0,0,0,0,0,0,0,0,0,0,0,0,0,0,0,0,0,0,0,0,0,0,0,0,0,0,0,0,0,0,0,0,0,6,0,0,0,0,0,0,0,0,0,0,0,0,0,0,0,0,0,0,0,0,0,0,0,0,0,0,0,0,0,0,0,0,0,0,0,0,0,0,136,0,22,0,0,106,3,127325,12956,1,2,1,0,3,2,4,3,2,1,3,0,0,4,1,0,3,1,6,1,0,3,0,0,3,1,4,5,3,1,3,1,2,2,0,0,66,183,76.4
Jun-18,3,1,1,1,1,1,1,1,1,1,1,1,1,1,1,1,1,1,1,1,1,1,1,1,1,1,1,1,1,1,1,1,1,1,1,1,1,39,1,1,1,1,1,1,1,1,1,1,1,1,1,1,1,1,1,1,1,1,1,1,1,1,1,1,1,1,1,1,1,1,1,1,1,1,1,37,75,0,4,6,0,121,13,117552,8776,0,0,0,0,1,1,0,0,0,1,0,0,0,1,0,1,0,0,7,0,0,0,6,0,2,1,0,0,0,1,3,4,3,1,0,3,36,164,76.5
Jul-18,4,1,1,1,1,1,1,1,1,2,1,1,1,1,2,1,1,1,1,1,1,1,1,1,1,1,1,1,1,1,1,1,1,1,1,1,1,42,2,2,2,2,2,2,2,2,2,2,2,2,2,2,2,2,2,2,2,2,2,2,2,2,2,2,2,2,2,2,2,2,2,2,2,2,2,74,149,4,13,2,0,210,30,134967,8814,1,1,2,0,0,0,1,0,0,0,1,0,0,0,0,0,0,0,5,0,0,0,0,0,0,0,0,0,0,0,0,1,1,0,0,0,13,175,76.7
Aug-18,5,3,3,3,3,3,3,3,3,3,3,3,3,4,3,3,3,3,3,3,3,3,3,3,3,3,3,3,3,3,3,3,3,3,3,3,3,114,0,0,0,0,0,0,0,0,0,0,0,0,0,0,0,0,0,0,0,0,0,0,0,0,0,0,0,0,0,0,0,0,0,0,0,0,0,0,143,8,22,0,0,122,25,90639,9417,0,2,1,0,1,0,1,0,0,0,1,0,0,1,1,0,0,1,4,0,0,0,4,0,0,1,1,0,1,1,2,4,5,1,0,4,37,178,76.9
Sep-18,11,8,8,6,6,6,6,6,6,6,6,6,6,6,6,6,6,7,6,6,6,6,6,6,6,6,6,6,6,6,6,6,6,6,6,6,6,232,1,1,1,1,1,1,1,1,1,1,1,1,1,1,2,1,1,1,1,1,1,1,1,1,1,1,1,1,1,1,1,1,1,1,1,1,1,38,75,0,6,2,0,80,9,133723,9735,1,0,1,0,0,0,0,0,1,1,3,0,0,4,0,1,0,0,5,2,0,13,1,0,0,0,0,0,0,0,5,1,0,0,0,1,40,161,77.1
Oct-18,9,0,0,0,0,0,0,0,0,0,0,0,0,0,0,0,0,0,0,0,0,0,0,0,0,0,0,0,0,0,0,0,0,0,0,0,0,9,0,0,0,0,0,0,0,0,0,0,0,0,0,0,1,0,0,0,0,0,0,0,0,0,0,0,0,0,0,0,0,0,0,0,0,0,0,1,122,22,0,6,0,108,39,77619,9433,1,0,1,0,1,0,0,1,1,3,1,0,0,2,1,2,0,1,4,0,0,1,0,0,0,1,1,0,0,0,0,1,1,1,0,0,25,171,77.2
Nov-18,8,0,1,0,0,1,0,0,0,0,0,0,0,0,0,0,0,0,0,0,0,0,0,0,0,1,0,0,0,0,1,0,0,0,0,0,0,12,1,1,2,1,1,1,1,1,1,1,1,1,1,1,1,1,1,1,1,1,1,1,1,1,1,1,1,1,1,1,1,1,1,1,1,1,1,38,171,0,18,2,0,167,35,105717,9231,3,1,0,0,0,1,2,0,2,0,2,0,0,0,1,0,0,1,5,3,0,0,0,0,1,0,1,0,0,1,2,1,0,1,0,2,30,170,77.4
Dec-18,7,1,1,1,1,1,1,1,1,1,1,1,1,1,1,1,1,1,1,1,1,1,1,1,1,1,1,1,1,1,1,1,1,1,1,1,1,43,0,0,0,0,0,0,0,0,0,0,0,0,0,0,0,0,0,0,0,0,0,0,0,0,0,0,0,0,0,0,0,0,0,0,0,0,0,0,346,4,39,0,0,127,40,97735,9483,1,2,2,2,1,1,1,2,1,0,2,0,0,1,1,0,2,3,9,2,0,8,0,0,4,2,3,2,1,3,1,0,0,3,0,2,62,172,77.6
Jan-19,12,6,6,6,6,7,7,6,6,7,7,6,6,6,6,6,6,6,6,6,6,6,6,6,6,6,6,6,6,6,6,6,6,6,6,6,6,232,1,1,1,1,1,1,1,1,1,1,1,1,1,1,1,1,1,1,1,1,1,1,1,1,1,1,1,1,1,1,1,1,1,1,1,1,1,37,232,12,18,8,20,120,29,59902,9760,2,2,1,3,2,8,1,1,1,1,2,0,0,1,2,1,1,2,5,1,0,0,0,0,2,1,2,1,1,2,1,3,1,1,0,1,53,168,78.1
Feb-19,13,7,7,9,7,7,7,7,7,7,7,7,7,7,7,7,7,7,7,7,7,7,7,7,7,7,7,7,7,7,7,7,7,7,7,7,7,267,0,0,0,0,0,0,0,0,0,0,0,0,0,0,0,0,0,0,0,0,0,0,0,0,0,0,0,0,0,0,0,0,0,0,0,0,0,0,37,0,0,0,8,85,23,148919,9608,1,0,1,0,0,1,0,0,0,3,1,0,0,3,0,5,0,0,4,2,0,0,0,0,0,0,0,0,0,0,2,0,0,0,0,0,23,157,78.3
Mar-19,24,9,9,7,7,7,7,7,7,8,7,7,7,7,7,7,7,7,7,7,7,8,7,7,7,7,7,8,7,7,7,7,7,7,7,7,7,283,1,1,1,1,1,1,1,1,1,1,1,1,1,1,1,1,1,1,1,1,1,1,1,1,1,1,1,1,1,1,1,1,1,1,1,1,1,37,108,0,3,0,0,147,26,103336,10364,0,2,0,0,1,1,0,0,2,0,1,0,0,1,1,0,0,0,5,2,0,3,0,0,0,2,0,0,0,0,0,0,0,0,0,0,21,188,78.5
Apr-19,22,6,7,6,6,6,6,6,6,6,6,6,6,6,6,6,6,6,6,6,6,7,6,6,6,6,6,6,7,6,6,6,6,6,6,6,7,242,0,0,0,0,0,0,0,0,0,0,0,0,0,0,0,0,0,0,0,0,0,0,0,0,0,0,0,0,0,0,0,0,0,0,0,0,0,0,225,12,74,0,0,174,19,66642,9368,0,2,2,3,1,0,1,2,2,1,2,0,0,0,0,1,4,2,6,0,0,8,0,0,3,1,1,4,3,3,0,3,1,3,0,0,59,176,78.7
May-19,18,9,9,9,9,9,9,10,9,9,9,9,9,9,9,9,10,9,9,9,9,9,9,9,9,9,9,9,9,9,9,9,9,9,9,9,9,344,0,0,0,0,0,0,0,0,0,0,0,0,0,0,0,0,0,0,0,0,0,0,0,0,0,0,0,0,0,0,0,0,0,0,0,0,0,0,144,9,6,17,14,158,89,167271,11470,1,2,1,0,2,2,3,2,1,1,6,0,0,4,1,0,1,1,6,1,0,4,0,0,2,1,2,3,1,1,4,1,2,1,0,0,57,183,78.9
Jun-19,20,4,4,4,4,4,4,4,4,4,4,4,4,4,4,4,4,4,4,4,4,4,4,4,4,4,4,4,4,6,4,4,4,4,4,4,4,166,2,2,2,2,2,2,2,2,2,3,2,2,2,2,2,2,2,2,2,2,2,2,2,2,2,2,2,2,2,2,2,2,2,2,2,2,2,75,156,18,69,7,33,187,125,128616,10257,0,0,0,0,2,1,1,1,1,1,0,0,0,1,0,1,2,0,8,0,0,2,5,0,3,1,2,2,2,1,3,4,3,2,0,3,52,164,79.1
Jul-19,35,6,5,5,5,5,5,7,5,5,5,5,5,5,5,5,5,5,5,5,5,5,5,5,5,5,5,5,5,5,5,5,5,5,5,5,5,218,0,0,0,0,0,0,0,0,0,0,0,0,0,0,0,0,0,0,0,0,0,0,0,0,0,0,0,0,0,0,0,0,0,0,0,0,0,0,151,16,14,5,4,150,66,68038,10332,1,1,1,0,0,0,1,0,0,0,1,0,0,0,0,0,0,0,4,0,0,0,0,0,0,0,0,0,0,0,0,1,1,0,0,0,11,175,79.4
Aug-19,17,4,4,4,4,4,4,4,4,4,4,4,4,4,4,4,4,4,4,4,4,4,4,4,4,4,4,4,4,4,4,4,4,4,4,4,4,161,0,0,0,0,0,0,0,0,0,0,0,0,0,0,0,0,0,0,0,0,0,0,0,0,0,0,0,0,0,0,0,0,0,0,0,0,0,0,240,54,5,14,2,179,55,70433,10087,0,2,1,0,1,0,1,0,0,0,2,0,0,1,1,0,0,1,4,0,0,0,5,0,0,1,1,0,1,1,3,5,5,1,0,5,42,178,79.6
Sep-19,30,6,11,6,6,6,6,6,6,7,6,6,6,6,6,6,6,6,6,6,6,6,6,6,6,7,6,6,6,6,6,6,6,6,6,6,6,253,0,0,0,0,0,0,0,0,0,0,0,0,0,0,0,0,0,0,0,0,0,0,0,0,0,0,0,0,0,0,0,0,0,0,0,0,0,0,104,25,3,0,6,111,48,152690,9619,1,0,1,0,0,0,0,0,1,1,2,0,0,3,0,1,0,0,5,1,0,2,1,0,0,0,0,0,0,0,2,0,0,0,0,0,21,161,79.8
Oct-19,24,6,6,7,6,6,7,7,6,6,6,6,6,6,6,6,6,6,6,6,6,6,6,6,6,6,6,6,6,9,6,6,6,6,6,6,7,247,1,1,1,1,1,1,1,1,1,1,1,1,1,1,1,1,1,1,1,1,1,1,1,1,1,1,1,1,1,1,1,1,1,1,1,1,1,37,196,18,48,13,26,211,119,296130,10811,1,0,1,0,1,0,0,1,1,3,2,0,0,2,2,2,0,1,4,0,0,12,0,0,0,1,1,0,0,0,2,1,1,1,0,0,40,171,80.1
Nov-19,27,9,12,9,9,9,10,11,9,9,9,9,9,9,9,9,9,12,9,10,9,9,9,9,9,9,9,9,9,9,9,9,9,9,9,9,9,361,0,0,0,0,0,0,0,0,0,0,0,0,0,0,0,0,0,0,0,0,0,0,0,0,0,0,0,0,0,0,0,0,0,0,0,0,0,0,129,71,5,23,60,170,113,96331,10256,2,1,0,0,0,1,2,0,2,0,3,0,0,0,0,0,0,1,5,2,0,0,0,0,1,0,1,0,0,1,2,1,0,1,0,1,27,170,80.3
Dec-19,32,4,4,3,3,3,4,3,3,3,3,3,3,3,3,3,4,4,3,3,3,3,3,3,3,3,3,3,3,5,3,3,3,3,3,3,3,147,0,0,0,0,0,0,0,0,0,0,0,0,0,0,0,0,0,0,0,0,0,0,0,0,0,0,0,0,0,0,0,0,0,0,0,0,0,0,357,21,38,13,3,161,124,121077,9500,1,2,2,2,1,1,1,2,1,0,0,0,0,1,1,0,2,3,9,1,0,8,0,0,4,2,3,2,1,3,1,0,0,3,0,3,60,172,80.5
Jan-20,25,9,11,8,8,8,9,10,8,8,8,8,8,8,8,8,8,8,8,8,8,8,8,8,8,8,8,8,8,8,8,8,8,8,8,8,8,320,0,0,0,0,0,0,0,0,0,0,0,0,0,0,0,0,0,0,0,0,0,0,0,0,0,0,0,0,0,0,0,0,0,0,0,0,0,0,70,10,14,8,37,115,64,486676,12399,2,2,1,3,2,8,1,1,1,4,2,0,0,5,2,5,1,2,6,1,0,0,0,0,2,1,2,1,1,2,4,3,1,1,0,1,68,168,80.8
Feb-20,36,5,5,5,4,4,6,4,4,4,4,5,4,4,5,4,4,4,4,4,4,4,4,4,4,4,4,4,5,5,4,4,4,4,4,4,5,190,0,0,0,0,0,0,0,0,0,0,0,0,0,0,0,0,0,0,0,0,0,0,0,0,0,0,0,0,0,0,0,0,0,0,0,0,0,0,74,0,0,0,28,107,31,92634,11415,1,0,1,0,0,1,0,0,2,0,3,0,0,0,0,1,0,0,4,2,0,0,0,0,0,0,0,0,0,0,0,0,0,0,0,0,15,157,81
Mar-20,20,6,4,4,4,4,6,4,5,4,4,5,4,4,4,4,4,4,4,4,4,4,4,4,4,4,4,4,5,4,4,4,4,4,4,4,5,172,0,0,0,0,0,0,0,0,0,0,0,0,0,0,0,0,0,0,0,0,0,0,0,0,0,0,0,0,0,0,0,0,0,0,0,0,0,0,81,16,0,38,32,143,77,65714,9209,0,1,0,0,1,1,0,0,0,0,1,0,0,1,1,0,0,0,5,2,0,3,0,0,0,1,0,0,0,0,0,0,0,0,0,0,17,188,81.3
Apr-20,14,3,8,3,3,3,3,3,3,3,3,3,3,3,3,3,3,3,3,3,3,3,3,3,3,3,3,3,3,3,3,3,3,4,3,3,3,128,0,0,0,0,0,0,0,0,0,0,0,0,0,0,0,0,0,0,0,0,0,0,0,0,0,0,0,0,0,0,0,0,0,0,0,0,0,0,81,65,0,19,84,157,75,46927,7520,0,2,2,3,1,0,1,2,3,1,1,0,0,1,0,1,4,2,6,0,0,10,0,0,3,1,1,4,3,3,0,3,1,3,0,0,62,176,81.5
May-20,20,6,5,5,4,4,5,6,4,4,4,4,4,4,4,5,4,4,4,4,4,4,4,4,4,4,5,4,4,5,4,4,4,4,4,4,5,175,0,0,0,0,0,0,0,0,0,0,0,0,0,0,0,0,0,0,0,0,0,0,0,0,0,0,0,0,0,0,0,0,0,0,0,0,0,0,146,28,3,12,20,82,99,92100,12081,1,2,1,0,2,2,3,2,1,1,4,0,0,2,1,0,3,1,7,1,0,3,5,0,3,1,2,4,2,1,6,4,5,1,0,3,74,183,81.7
Jun-20,34,17,17,16,14,14,14,14,15,14,15,14,14,15,15,14,14,14,14,14,14,15,14,14,14,14,14,14,14,16,14,14,14,14,14,14,14,553,1,1,1,1,1,1,1,1,1,1,1,1,1,1,1,1,1,1,1,1,1,1,1,1,1,1,1,1,1,1,1,1,1,1,1,1,1,37,270,17,6,20,66,191,143,139947,18591,0,0,0,0,2,1,1,1,1,1,0,0,0,1,0,1,1,0,7,0,0,0,0,0,2,1,2,1,1,1,1,1,0,2,0,0,29,164,81.9
Jul-20,20,9,10,6,6,6,7,7,6,6,8,6,6,6,6,6,6,7,6,6,6,6,7,6,6,6,6,6,6,7,6,6,6,6,6,6,6,250,1,1,1,1,1,1,1,1,1,1,1,1,1,1,1,1,1,1,1,1,1,1,1,1,1,1,1,1,1,1,1,1,1,1,1,1,1,37,132,8,6,17,124,249,149,122530,12775,2,1,1,0,0,0,1,0,0,0,2,0,0,0,0,0,0,0,4,0,0,0,2,0,0,0,0,0,0,0,1,3,2,0,0,2,21,175,82.2
Aug-20,30,6,3,3,1,1,3,1,1,1,1,1,1,2,1,1,1,1,1,1,1,1,1,1,1,1,1,1,1,1,1,1,1,1,1,1,2,79,1,1,1,1,1,1,1,1,1,1,1,1,1,1,1,1,1,1,1,1,1,1,1,1,1,1,1,1,1,1,1,1,1,1,1,1,1,37,114,5,1,2,69,171,129,83541,12010,0,2,1,0,1,0,1,0,0,0,1,0,0,2,1,0,0,1,5,0,0,0,4,0,0,1,1,0,1,1,2,3,4,1,0,3,36,178,82.4
Sep-20,50,7,6,4,5,6,7,5,4,4,5,5,4,5,4,4,5,5,4,4,4,5,4,4,4,5,4,4,4,6,4,4,4,4,4,4,4,215,0,0,0,0,0,0,0,0,0,0,0,0,0,0,0,0,0,0,0,0,0,0,0,0,0,0,0,0,0,0,0,0,0,0,0,0,0,0,153,14,8,19,82,208,62,160400,13357,1,0,1,0,0,0,0,0,1,0,2,0,0,1,0,0,0,0,4,1,0,5,1,0,0,0,0,0,0,0,1,0,0,0,0,0,18,161,82.6
Oct-20,44,7,6,6,4,4,6,8,4,4,4,4,4,4,7,5,5,5,4,4,4,4,4,4,4,4,4,5,4,7,4,4,5,5,4,4,5,214,1,1,1,1,1,1,1,1,1,1,1,1,1,1,1,1,1,1,1,1,1,1,1,1,1,1,1,1,1,1,1,1,1,1,1,1,1,37,155,10,42,6,237,282,185,83321,13794,1,0,1,0,1,0,0,1,1,3,0,0,0,4,1,3,0,1,5,0,0,9,0,0,1,1,1,0,0,0,1,2,1,1,0,0,39,171,82.8
Nov-20,39,4,2,6,2,2,11,4,5,2,3,2,2,3,2,3,2,2,2,2,2,4,2,2,2,2,2,2,2,3,2,2,2,2,2,2,2,137,0,0,0,0,0,0,0,0,0,0,0,0,0,0,0,0,0,0,0,0,0,0,0,0,0,0,0,0,0,0,0,0,0,0,0,0,0,0,176,12,6,8,111,213,211,61721,12139,2,1,0,0,0,1,2,0,2,0,2,0,0,0,1,0,0,1,5,2,0,0,0,0,0,0,1,0,0,1,1,0,0,1,0,0,23,170,83
Dec-20,38,3,11,3,2,2,7,5,2,2,3,2,2,2,2,2,4,2,2,3,2,7,2,2,2,2,3,3,4,6,2,2,2,2,2,2,2,146,0,0,0,0,0,0,0,0,0,0,0,0,0,0,0,0,0,0,0,0,0,0,0,0,0,0,0,0,0,0,0,0,0,0,0,0,0,0,202,38,3,22,147,260,169,74662,11047,1,3,2,3,1,1,1,2,1,0,0,0,0,1,1,0,2,3,8,1,0,8,0,0,4,3,3,2,1,3,1,0,0,3,0,3,62,172,83.3
Jan-21,23,9,6,6,4,4,6,4,5,4,4,4,4,4,4,4,4,4,4,4,4,4,4,4,4,4,5,5,4,4,4,4,4,4,4,4,6,183,1,1,1,1,1,1,1,1,1,1,1,1,1,1,1,1,1,1,1,1,1,1,1,1,1,1,1,1,1,1,1,1,1,1,1,1,1,37,216,8,11,4,105,159,105,77673,12137,2,3,1,2,2,8,1,1,1,1,2,0,0,1,2,1,1,2,7,1,0,0,0,0,2,1,2,1,1,2,1,3,1,1,0,1,55,168,83.9
Feb-21,20,3,5,2,2,2,13,4,5,2,2,2,2,2,2,2,3,2,2,2,2,3,2,2,3,2,2,2,2,4,2,2,3,2,2,2,2,118,0,0,0,0,0,0,0,0,0,0,0,0,0,0,0,0,0,0,0,0,0,0,0,0,0,0,0,0,0,0,0,0,0,0,0,0,0,0,56,0,0,1,46,68,81,70635,11315,1,0,1,0,0,1,0,0,2,3,2,0,0,3,0,7,0,0,4,2,0,3,0,0,0,0,0,0,0,0,2,0,0,0,0,0,31,157,84.2
Mar-21,39,12,8,7,6,7,10,8,6,6,7,6,6,6,8,7,6,8,6,7,6,6,6,6,6,6,6,6,6,8,6,6,6,6,6,6,8,282,1,1,1,1,1,1,1,1,1,1,1,1,1,1,1,1,1,1,1,1,1,1,1,1,1,1,1,1,1,1,1,1,1,1,1,1,1,37,109,0,6,12,170,164,73,88103,13805,0,1,0,0,1,1,0,0,0,0,1,0,0,1,1,0,0,0,4,2,0,5,0,0,0,1,0,0,0,0,0,0,0,0,0,0,18,188,84.4
Apr-21,21,11,8,7,5,5,12,9,7,5,5,5,5,5,6,6,7,8,5,5,5,5,5,5,5,7,6,7,8,18,5,5,7,6,5,5,5,256,2,1,1,1,1,1,1,1,1,1,1,1,1,1,1,1,1,1,1,1,1,1,1,1,1,1,1,1,1,1,1,1,1,1,1,1,1,38,91,6,3,25,130,171,117,118292,12913,0,2,2,3,0,0,1,2,3,1,1,0,0,0,0,1,4,2,6,1,0,8,0,0,3,1,1,4,3,3,1,1,1,3,0,0,58,176,84.6
May-21,37,9,9,11,8,7,12,11,8,7,9,7,7,7,7,7,8,9,8,9,7,9,7,7,8,10,8,9,8,9,7,7,7,8,7,7,8,330,1,1,1,1,1,1,1,1,1,1,1,1,1,1,1,1,1,1,1,1,1,1,1,1,1,1,1,1,1,1,1,1,1,1,1,1,1,37,110,0,10,28,108,152,134,200064,14804,1,2,1,0,3,2,4,3,1,1,3,0,0,3,1,0,3,1,7,1,0,2,6,0,3,1,3,5,3,1,4,6,5,1,0,3,80,183,84.9
Jun-21,35,9,7,4,4,4,7,4,6,4,8,4,4,4,5,6,4,4,4,5,4,5,4,4,4,5,4,4,4,5,4,4,4,4,4,4,6,205,0,0,0,0,0,0,0,0,0,0,0,0,0,0,0,0,0,0,0,0,0,0,0,0,0,0,0,0,0,0,0,0,0,0,0,0,0,0,120,17,3,38,141,147,285,77357,12318,2,0,0,0,2,1,0,0,1,1,0,0,0,1,0,1,0,0,6,0,0,0,0,0,2,1,1,0,0,1,1,1,0,2,0,0,24,164,85.1
Jul-21,30,8,8,7,7,8,8,7,7,7,7,7,7,7,7,7,7,8,7,7,7,8,7,7,7,7,7,7,8,7,7,7,7,7,7,7,11,293,1,1,1,1,1,1,1,1,1,1,1,1,1,1,1,1,1,1,1,1,1,1,1,1,1,1,1,1,1,1,1,1,1,1,1,1,1,37,132,6,0,29,134,160,268,85230,11734,2,1,1,0,0,0,1,0,0,0,2,0,0,0,0,0,0,0,4,0,0,0,4,0,0,0,0,0,0,0,1,5,5,0,0,4,30,175,85.4
Aug-21,34,11,9,10,9,9,9,9,11,9,9,9,9,10,9,11,9,9,9,9,9,10,9,9,9,9,9,9,10,16,9,9,9,9,9,9,9,375,0,0,0,0,0,0,0,0,0,0,0,0,0,0,0,0,0,0,0,0,0,0,0,0,0,0,0,0,0,0,0,0,0,0,0,0,0,0,161,0,10,18,265,141,125,164316,10616,0,2,1,0,1,0,1,0,0,0,2,0,0,2,1,0,0,1,5,0,0,0,0,0,0,1,1,0,1,1,2,1,1,1,0,1,26,178,85.7
Sep-21,37,8,4,4,4,4,5,4,4,4,5,4,4,4,5,4,5,5,4,4,4,4,4,4,4,4,4,4,4,4,5,4,4,4,4,4,7,194,1,1,1,1,1,1,1,1,1,1,1,1,1,1,1,1,1,1,1,1,1,1,1,1,1,1,1,1,1,1,1,1,1,1,1,1,1,37,172,23,3,10,81,92,99,117551,12593,1,0,1,0,0,0,0,0,1,1,2,0,0,3,0,1,0,0,4,1,0,14,1,0,0,0,0,0,0,0,1,0,0,0,0,0,31,161,86
Oct-21,40,10,10,8,8,8,8,9,9,8,9,8,8,8,9,9,8,9,8,8,8,11,8,8,8,8,8,8,8,9,8,8,8,8,8,8,11,345,0,0,0,0,0,0,0,0,0,0,0,0,0,0,0,0,0,0,0,0,0,0,0,0,0,0,0,0,0,0,0,0,0,0,0,0,0,0,104,12,1,2,173,112,198,74031,12947,1,0,1,0,1,0,0,1,1,3,0,0,0,4,1,2,0,1,5,0,0,0,0,0,0,1,1,0,0,0,1,2,1,1,0,0,28,171,86.3
Nov-21,29,11,11,10,8,8,9,11,8,8,8,8,8,8,8,8,8,9,8,8,8,8,8,8,8,8,8,8,8,8,8,8,8,8,8,8,9,331,0,0,0,0,0,0,0,0,0,0,0,0,0,0,0,0,0,0,0,0,0,0,0,0,0,0,0,0,0,0,0,0,0,0,0,0,0,0,142,0,0,18,172,152,150,78927,11886,2,1,0,0,0,1,2,0,2,0,2,0,0,0,1,0,0,1,5,2,0,2,0,0,1,0,1,0,0,1,1,0,0,1,0,0,26,170,86.7
Dec-21,31,13,10,11,10,10,11,12,11,10,10,10,10,10,10,10,10,10,10,10,10,10,10,10,10,11,10,11,10,10,10,10,10,10,10,10,12,403,1,1,1,1,1,1,1,1,1,1,1,1,1,1,1,1,1,1,1,1,1,1,1,1,1,1,1,1,1,1,1,1,1,1,1,1,1,37,135,4,12,18,160,104,117,107612,11450,3,4,4,4,1,1,1,2,1,0,0,0,0,1,1,0,2,3,7,3,0,6,0,0,4,4,3,2,1,3,1,0,0,3,0,3,68,172,87
Jan-22,26,8,7,7,8,7,8,8,8,7,7,7,7,7,7,8,7,8,7,7,7,7,7,7,7,7,7,7,7,8,7,7,7,8,7,7,9,289,0,0,0,0,0,0,0,0,0,0,0,0,0,0,0,0,0,0,0,0,0,0,0,0,0,0,0,0,0,0,0,0,0,0,0,0,0,0,80,2,3,5,99,114,76,160187,12157,2,4,1,3,2,8,1,1,1,1,2,0,0,2,2,2,1,2,7,1,0,0,0,0,2,2,2,1,1,2,1,3,1,1,0,1,60,168,87.8
Feb-22,21,5,4,3,3,3,4,3,3,3,4,3,3,3,3,3,3,3,3,3,3,3,3,3,3,3,3,3,5,4,3,3,3,4,3,3,5,140,0,0,0,0,0,0,0,0,0,0,0,0,0,0,0,0,0,0,0,0,0,0,0,0,0,0,0,0,0,0,0,0,0,0,0,0,0,0,135,0,12,0,49,144,150,564347,14216,1,0,1,0,0,1,0,0,0,3,2,0,0,2,0,4,0,0,4,2,0,0,0,0,0,0,0,0,0,0,2,0,0,0,0,0,22,157,88.2
Mar-22,23,7,6,6,6,6,6,7,6,6,6,6,6,6,6,6,6,6,6,6,6,6,6,6,6,6,6,6,6,6,6,6,6,6,6,6,8,243,0,0,0,0,0,0,0,0,0,0,0,0,0,0,0,0,0,0,0,0,0,0,0,0,0,0,0,0,0,0,0,0,0,0,0,0,0,0,157,3,0,10,100,122,83,635848,16199,0,1,0,0,1,1,0,0,2,0,1,0,0,1,1,0,0,0,4,1,0,3,0,0,0,1,0,0,0,0,0,0,0,0,0,0,17,188,88.6
Apr-22,16,3,4,3,3,5,3,6,4,3,3,3,3,3,4,3,3,3,3,3,3,3,3,3,3,3,3,3,3,4,3,3,3,3,3,3,8,138,0,0,0,0,0,0,0,0,0,0,0,0,0,0,0,0,0,0,0,0,0,0,0,0,0,0,0,0,0,0,0,0,0,0,0,0,0,0,21,2,0,12,87,63,102,531636,13243,0,2,2,3,1,0,1,2,3,1,1,0,0,0,0,1,4,1,6,0,0,8,0,0,3,1,1,4,3,3,1,2,1,3,0,0,58,176,89
May-22,23,5,6,4,5,4,5,5,4,4,4,4,4,4,6,4,5,5,5,4,4,4,4,4,5,5,6,5,5,5,4,4,4,5,4,4,6,188,0,0,0,0,0,0,0,0,0,0,0,0,0,0,0,0,0,0,0,0,0,0,0,0,0,0,0,0,0,0,0,0,0,0,0,0,0,0,79,7,1,11,105,62,81,538150,15164,1,1,1,0,2,2,3,2,1,1,3,0,0,3,1,0,1,0,6,2,0,4,5,0,2,1,2,3,1,1,5,4,5,1,0,3,67,183,89.5
Jun-22,32,11,9,8,7,7,8,7,7,7,9,7,7,8,7,7,7,8,7,8,7,7,7,7,7,7,7,7,7,10,7,7,7,7,7,7,13,306,0,0,0,0,0,0,0,0,0,0,0,0,0,0,0,0,0,0,0,0,0,0,0,0,0,0,0,0,0,0,0,0,0,0,0,0,1,1,44,0,0,12,167,59,227,493858,16038,2,2,0,0,2,1,1,1,1,1,0,0,0,1,0,1,2,0,7,0,0,2,0,0,3,1,2,2,2,1,1,1,0,2,0,0,39,164,89.9
Jul-22,28,13,6,4,4,4,5,5,5,4,5,4,4,5,5,4,4,4,4,4,4,4,4,4,4,4,4,4,4,10,4,4,4,4,4,4,9,200,0,0,0,0,0,0,0,0,0,0,0,0,0,0,0,0,0,0,0,0,0,0,0,0,0,0,0,0,0,0,0,0,0,0,0,0,1,1,33,0,0,15,70,51,147,505282,15065,1,1,1,0,0,0,1,0,0,0,1,0,0,0,0,0,0,0,5,0,0,0,6,0,0,0,0,0,0,0,2,6,5,0,0,5,34,175,90.3
Aug-22,31,7,6,5,5,5,6,8,5,6,7,5,5,6,5,5,6,6,5,6,5,5,6,5,5,5,6,5,5,16,5,5,5,6,5,6,16,251,0,0,0,0,0,0,0,0,0,0,0,0,0,0,0,0,0,0,0,0,0,0,0,0,0,0,0,0,0,0,0,0,0,0,0,0,0,0,27,12,0,9,61,75,142,559863,14969,0,2,1,0,1,0,1,0,0,0,1,0,0,1,1,0,0,1,4,0,0,0,0,0,0,1,1,0,1,1,1,0,1,1,0,0,20,178,90.7
Sep-22,26,4,3,3,4,3,4,4,5,5,3,3,3,3,3,3,3,3,3,3,3,3,3,3,3,3,3,3,3,6,3,3,3,4,3,3,11,154,0,0,0,0,0,0,0,0,0,0,0,0,0,0,0,0,0,0,0,0,0,0,0,0,0,0,0,0,0,0,0,0,0,0,0,0,0,0,35,6,1,4,85,68,157,579777,16365,1,0,1,0,0,0,0,0,1,1,2,0,0,4,0,1,0,0,4,1,0,3,2,0,0,0,0,0,0,0,1,0,0,0,0,0,22,161,91.1
Oct-22,17,5,4,6,5,5,6,4,7,3,5,3,3,3,4,3,3,3,3,4,3,4,3,3,3,3,3,3,3,9,3,3,3,3,3,3,10,161,2,2,2,2,2,2,2,2,2,2,2,2,2,2,2,2,2,2,2,2,2,2,2,2,2,2,2,2,2,2,2,2,2,2,2,2,2,74,70,19,4,6,117,107,188,582837,16989,1,0,1,0,1,0,0,1,1,3,1,0,0,3,2,2,0,1,5,0,0,11,0,0,0,1,1,0,0,0,1,2,1,1,0,0,40,171,91.5
Nov-22,29,6,9,4,6,4,5,5,6,4,4,4,4,4,6,4,4,7,4,4,4,4,4,4,4,4,4,4,4,10,5,4,4,4,4,4,12,206,0,0,0,0,0,0,0,0,0,0,0,0,0,0,0,0,0,0,0,0,0,0,0,0,0,0,0,0,0,0,0,0,0,0,0,0,0,0,26,14,0,11,57,93,158,543755,16587,2,1,0,0,0,1,2,0,2,0,2,0,0,0,0,0,0,1,5,2,0,0,0,0,1,0,1,0,0,1,1,0,0,1,0,0,23,170,91.8
Dec-22,30,3,4,3,2,3,5,3,6,2,2,2,2,4,2,2,2,2,3,5,2,3,2,2,2,2,2,2,2,7,2,2,2,2,2,2,13,138,0,0,0,0,0,0,0,0,0,0,0,0,0,0,0,0,0,0,0,0,0,0,0,0,0,0,0,0,0,0,0,0,0,0,0,0,0,0,118,11,2,8,84,101,174,531207,13337,2,3,3,3,1,1,1,2,1,0,0,0,0,1,1,0,2,3,7,2,0,8,0,0,4,3,3,2,1,3,2,0,0,3,0,3,65,172,92.1
Jan-23,31,7,8,7,7,7,8,8,8,7,7,7,7,7,8,7,7,9,7,9,7,7,7,7,7,7,7,8,7,10,7,7,7,7,7,7,10,299,1,1,1,1,1,1,1,1,1,1,1,1,1,1,1,1,1,1,1,1,1,1,1,1,1,1,1,1,1,1,1,1,1,1,1,1,1,37,53,2,1,22,122,92,91,61353,14369,2,2,2,2,3,6,1,1,1,2,2,0,0,1,2,1,1,2,7,1,1,0,0,0,2,1,2,1,1,2,0,3,1,1,0,1,55,168,85.9
Feb-23,44,12,13,12,12,12,13,12,14,12,12,12,12,13,13,12,12,15,12,14,12,13,12,12,12,14,12,12,12,22,12,12,12,13,12,12,13,502,1,1,1,1,1,1,1,1,1,1,1,1,1,1,1,1,1,1,1,1,1,1,1,1,1,1,1,1,1,1,1,1,1,1,1,1,1,37,53,12,0,15,70,83,109,15052,14600,1,0,0,0,0,1,0,0,0,5,1,2,0,3,1,6,0,0,4,1,4,0,0,0,0,0,0,0,0,0,3,1,0,0,0,1,34,157,84.7
Mar-23,41,10,15,14,10,10,13,15,11,11,11,10,10,12,11,11,12,13,10,12,10,10,10,10,10,10,10,10,12,19,11,10,10,10,10,10,11,445,3,3,3,3,3,3,3,3,3,3,3,3,3,3,3,3,3,3,3,3,3,3,3,3,3,3,3,3,3,3,3,3,3,3,3,3,3,111,64,0,1,16,91,97,114,98558,18349,0,0,0,0,2,1,0,0,0,0,1,1,0,1,1,0,0,0,4,1,5,0,0,0,0,1,0,0,0,1,0,0,0,0,0,0,19,188,83.4
Apr-23,57,14,15,15,14,14,14,15,15,14,14,14,14,14,15,14,16,14,14,15,14,14,14,14,14,15,14,14,16,22,14,14,14,14,14,14,15,581,1,1,1,1,1,1,1,1,1,1,1,1,1,1,1,1,1,1,1,1,1,1,1,1,1,1,1,1,1,1,1,1,1,1,1,1,1,37,68,6,0,21,112,80,176,17373,14969,0,2,1,2,2,0,1,2,2,2,1,0,0,0,3,2,3,1,6,0,2,2,0,0,3,1,1,4,0,2,0,2,1,3,0,0,51,176,81.9
May-23,55,12,15,14,12,12,15,12,14,12,12,12,12,14,14,12,12,12,12,12,12,13,12,12,12,12,12,12,13,18,12,12,12,12,12,12,13,510,1,1,1,1,1,1,1,1,1,1,1,1,1,1,1,1,1,1,1,1,1,1,1,1,1,1,1,1,1,1,1,1,1,1,1,1,1,37,91,0,0,23,45,100,120,14474,16720,1,2,0,0,4,2,2,1,1,2,3,1,0,2,1,0,0,0,5,1,1,1,0,0,1,1,1,2,0,1,3,1,2,1,0,0,43,183,80.2
Jun-23,52,13,10,10,9,11,12,12,9,9,11,9,9,10,11,10,11,10,9,9,9,9,9,9,9,9,9,9,11,16,9,9,9,9,9,9,10,409,1,1,1,1,1,1,1,1,1,1,1,1,1,1,1,1,1,1,1,1,1,1,1,1,1,1,1,1,1,1,1,1,1,1,1,1,1,37,42,2,0,15,101,79,276,16883,16844,0,0,0,0,4,1,2,2,0,1,0,0,0,1,1,1,3,0,8,0,4,1,0,0,4,1,3,3,1,1,1,0,0,2,0,1,46,164,78.4
Jul-23,67,14,12,11,10,11,10,11,10,10,12,10,10,10,11,10,10,10,10,10,10,10,10,10,11,11,10,10,10,27,10,10,10,10,10,10,11,459,0,0,0,0,0,0,0,0,0,0,0,0,0,0,0,0,0,0,0,0,0,0,0,0,0,0,0,0,0,0,0,0,0,0,0,0,0,0,50,0,1,18,130,103,142,30547,15990,1,0,1,0,0,0,1,0,0,0,1,0,0,0,0,0,0,0,5,0,1,0,0,0,0,0,0,0,0,0,0,1,0,0,0,0,11,175,76.5
Aug-23,39,15,14,14,11,12,12,15,13,12,12,12,11,11,11,11,12,12,11,11,11,12,11,11,12,11,11,11,12,18,11,11,11,11,11,11,12,469,0,0,0,0,0,0,0,0,0,0,0,0,0,0,0,0,0,0,0,0,0,0,0,0,0,0,0,0,0,0,0,0,0,0,0,0,0,0,42,7,1,11,144,64,214,516351,16149,0,0,0,0,1,0,1,0,0,0,0,2,0,1,3,0,0,1,4,0,3,0,2,0,0,1,1,0,1,1,1,2,2,1,0,2,30,178,74.4
Sep-23,45,18,13,14,10,10,12,13,12,10,11,10,10,10,10,10,10,12,10,10,10,10,10,10,10,10,10,10,10,20,10,10,10,10,10,10,12,442,1,1,1,1,1,1,1,1,1,1,1,1,1,1,1,1,1,1,1,1,1,1,1,1,1,1,1,1,1,1,1,1,1,1,1,1,2,38,85,1,2,10,126,117,242,27914,16802,1,0,1,0,0,0,0,0,1,1,2,2,0,3,0,1,0,0,4,1,1,2,6,0,0,1,0,0,0,0,2,1,1,0,0,1,32,161,72.3
Oct-23,45,10,9,6,6,6,7,6,7,6,6,6,6,6,8,6,6,6,6,7,6,6,6,6,6,6,7,7,6,20,6,6,6,7,6,6,10,294,1,1,1,1,1,1,1,1,1,1,1,1,1,1,1,1,1,1,1,1,1,1,1,1,1,1,1,1,1,1,1,1,1,1,1,1,1,37,94,10,1,24,214,107,267,515962,20859,1,0,0,0,0,0,0,1,1,7,1,0,0,1,2,1,0,1,5,0,0,3,0,0,0,1,1,0,0,0,0,1,1,1,0,0,29,171,70
Nov-23,78,18,16,12,12,12,13,13,12,14,14,12,12,12,12,12,13,12,12,12,12,12,12,12,12,12,12,12,12,24,12,14,12,12,12,12,14,543,0,0,0,0,0,0,0,0,0,0,0,0,0,0,0,0,0,0,0,0,0,0,0,0,0,0,0,0,0,0,0,0,0,0,0,0,0,0,48,3,0,8,148,93,256,6449,17875,2,0,0,0,0,1,2,0,2,0,2,3,0,0,2,0,0,1,5,1,2,0,4,0,1,0,1,0,0,1,2,5,4,1,0,5,47,170,67.6
Dec-23,42,6,6,6,4,5,5,8,6,4,4,4,4,5,5,4,5,4,5,4,4,4,4,4,4,4,4,4,5,6,4,4,4,4,4,4,5,208,0,0,0,0,0,0,0,0,0,0,0,0,0,0,0,0,0,0,0,0,0,0,0,0,0,0,0,0,0,0,0,0,0,0,0,0,0,0,51,1,3,30,136,101,353,127927,16766,2,3,2,2,0,0,1,2,1,0,1,3,0,1,2,0,2,2,7,1,2,0,0,0,4,2,3,2,1,3,2,0,0,3,0,2,56,172,65.2
Jan-24,35,16,15,16,14,14,16,14,14,14,15,14,14,14,14,15,15,16,16,14,14,15,14,14,15,14,14,14,14,15,14,14,14,14,14,14,15,557,0,0,0,0,0,0,0,0,0,0,0,0,0,0,0,0,0,0,0,0,0,0,0,0,0,0,0,0,0,0,0,0,0,0,0,0,0,0,100,0,3,43,154,92,295,6584,18108,3,2,2,2,4,6,1,1,1,9,3,0,0,4,2,7,1,1,6,1,4,0,0,0,2,1,2,1,1,2,2,3,1,1,0,1,77,168,62.7
Feb-24,27,8,9,8,8,8,10,12,8,8,8,8,8,8,8,8,8,10,9,8,8,8,8,8,8,9,9,8,9,8,8,8,8,8,8,8,9,329,1,1,1,1,1,1,1,1,1,1,1,1,1,1,1,1,1,1,1,1,1,1,1,1,1,1,1,1,1,1,1,1,1,1,1,1,1,37,65,9,0,7,221,83,225,531399,18416,1,0,0,0,0,1,0,0,0,0,1,1,0,0,1,2,0,0,4,1,2,0,0,0,0,0,0,0,0,0,2,1,0,0,0,1,18,157,60.1
Mar-24,22,10,8,7,7,7,7,7,7,7,7,7,7,7,7,7,7,7,7,7,7,7,7,7,7,7,7,7,7,7,7,7,7,7,7,7,9,280,0,0,0,0,0,0,0,0,0,0,0,0,0,0,0,0,0,0,0,0,0,0,0,0,0,0,0,0,0,0,0,0,0,0,0,0,0,0,104,5,1,43,161,97,361,312142,18361,0,0,0,0,2,1,0,0,0,0,1,1,0,1,1,0,0,0,4,1,6,0,0,0,0,1,0,0,0,0,0,0,0,0,0,0,19,188,57.5